Metric,AigizK/whisper-medium-ba,whisper-ba (local)
N samples,130.0,130.0
Corpus WER,0.428169014084507,0.48507042253521127
Corpus CER,0.21699098243948742,0.27584242999525393
Corpus MER,0.42105263157894735,0.4582224587546567
Corpus WIL,0.6150029085652842,0.6581706633242076
Corpus WIP,0.3849970914347159,0.3418293366757924
Mean per-sample WER,0.4588194258441937,0.5347062433610421
Mean per-sample CER,0.2260474868210193,0.3054765431587931
Empty-hypothesis rate,0.0,0.0
